번호,제목,내용,작성일자
1,국내 겨울 여행지 추천 대관령 양떼목장 & 영금정,대관령 양떼목장부터 영금정까지 국내 겨울 여행지 추천 코스 2020년도 이제 딱... 아직까지 겨울답게 제대로 내리지 않았기에 지난주에 강원도로 떠나 계절 다운 풍경을... ,2020.12.30.
2,제주 겨울여행지 성산 일출봉과 광치기해변,2021년도 1월에는 제주 겨울여행으로 그냥 1달살이 하며 올레길 걸을까 고민중이다.... 오래전 부터 제주도 여행 가면 성산 일출봉을 배경삼아 광치기해변에서 이렇게... ,2020.12.29.
3,제주 카라반 대여 제주도 겨울여행,"제주도 겨울여행이었다. 제주 카라반대여 카라반 이용시간 2시간 와인, 치즈... 제주도 겨울여행에서 빠져선 안되는 제주 카라반 체험 테이블과 의자가 제공되고 불멍... ",2020.12.14.
4,국내 겨울 여행 오색찬란 아침고요수목원 오색별빛정원전,겨울 여행은 가평 아침고요수목원으로~ 요 며칠 쌀쌀한 기온을 선보였던 겨울... 겨울 여행의 필수처럼 국내 여행으로 찾아간 아침고요수목원 오색별빛정원처럼요.... ,2020.12.21.
5,제주 성산일출봉 겨울여행 좋았어요!,제주 성산일출봉 겨울여행 좋았어요! 글&사진 초록바다 최양훈 // 촬영일: 2020년 11월 한달에 한번 아니면 두달에 한번꼴로 떠나는 제주도 여행길에 빠지지 않고 들리는... ,2020.12.04.
6,속초 겨울여행 영금정 일출은 없었다,속초 겨울여행 영금정 일출 당일치기로 다녀왔다 6년 만에 속초 영금정 일출을... 동해바다 겨울 풍경은 또 다른 매력이 넘치는 것 같다 기대했던 일출은 만나지... ,2021.01.30.
7,국내 겨울 여행지 추천 제천 여행코스,국내 겨울 여행지 추천 시원한 제천 여행코스. 전망도 겨울 분위기도 멋진 당일코스인데요. 1박2일로 단양과 함께 둘러봐도 괜찮을 거리예요. 청명美 뿜~ 평범한... ,2020.12.01.
8,용인 와우정사 반나절 겨울 여행 떠나볼까?,때문에 먹먹하고 답답할 때 살짝 미소를 짓게 만드는 이곳은 한나절 일정으로 찾아도 참 좋지 않을까 싶었습니다. #용인와우정사 #용인여행 #겨울여행추천 #반나절여행,2020.12.14.
9,강원도 겨울여행 홍천은 크리스마스 느낌 가득,강원도 겨울여행 반나절 정도 짧게 떠났습니다. 승아 친구들이 알파카월드를... 강원도 겨울 홍천여행 마음은 먹었지만 너무 멀면 아무래도 쪼오끔은 부담스럽죠 그래도... ,2020.11.26.
10,국내 겨울 여행지 추천 동백꽃 핀 제주 동백수목원,아름다운 겨울꽃이라 구경하고 있으면 힐링이 된다. 국내 겨울 여행지 추천 하는 3곳 모두 갈만한 관광지 모여있는 서귀포에 위치하여 알차게 제주여행 즐길 수 있었다.,2020.12.30.
11,영덕 1박2일 겨울여행코스 울진까지,멀어서 힘은 들었지만 1박2일 영덕에서 울진까지 여행을 하며 동해바다를 실컷 만나서 행복한 겨울여행이 되었습니다. 여행코스는 세세하게 정리중이니 주말에 다시... ,2020.11.13.
12,경주 보문호수 겨울여행 산책,"것이 겨울 풍경과 비교됩니다 여행이 일상이라 떠나긴 했으나 역시 겨울여행은 숙박비 저렴하고, 관광지 한가하다는 장점은 있으나 다른 계절에 비해 한참 별루인듯요... ",2020.12.21.
13,"산촌민박 / 겨울여행 지리산 민박집 2박 여행기, 겨울 산골의... ","겨울에 진짜 역마살이 끼었는지 (사실 매순간 그렇쥬,, 이번주도 어디 가고싶은 거... 너무 힐링했는데 진짜 진짜 너무 좋았던 겨울 여행이라 이렇게 먼저 기록(!)해봅니다.",3일 전
14,"주문진 겨울여행 그리고, 명품 건어물","주문진 겨울여행 그리고, 명품 건어물 십여년전 오대산 월정사와 강릉 커피박물관... 주문진여행도 하고 맛있는 건어물도 사고 겨울바다의 풍경과 함께 좋은 추억으로... ",2021.02.03.
15,아이와 비대면 겨울여행 동천내하천섬공원 #광양공원 #광양산책... ,아이들과 가볼 만한 공원 옥룡면에 있는 '동천내하천섬공원'으로 광양여행을... 피해 겨울여행을 떠나보았습니다. 공원은 주차장이 넓게 조성되어 있습니다. 이곳뿐만... ,2021.02.09.
16,겨울여행 곡성 1박 2일 코스정리~,알찬 겨울여행 1박2일이 되었답니다. 곡성 여행의 곡성역에서부터 시작하게... 겨울비 내리는 날 철로 위를 걸어보는 일이 가능한 곳은 이곳 섬진강 기차마을이 유일할... ,2019.12.28.
17,제주 사려니숲길~섭지코지 걷고 제주도 비자림 겨울 여행,여행 겨울 여행 힐링 코스 찾아~ 새해가 밝은지 어느덧 한달이 되어가는 즈음 집콕 일상에서 좀처럼 벗어나기 쉽지 않은데요. 언택트 여행으로 지난 봄과 가을에 다녀온... ,2021.01.21.
18,제주 겨울여행 동백꽃 시기 마노르블랑 동백스케치,올해는 어떻게 시간이 갔는지 모르겠는데 벌써 겨울이 찾아왔네요. 이맘때면 제주... 제주 겨울여행 동백꽃 축제 2020년 11월 25일(수) ~ 2021년 2월 14일(일) 매일 09:00 ~ 19:00... ,2020.11.30.
19,켄싱턴 호텔 설악에서 숙박하며 겨울여행을 만끽하고 왔어요!,마침 눈이 내려 더욱더 러블리하고 로멘틱한 겨울 여행이 되었네요. 켄싱턴 호텔... 싱글 침대 한개와 더블침대 한개가 놓여져 있어 아이가 있다면 가족여행으로도... ,2021.01.22.
20,여주 겨울여행 눈썰매장 어른이 더 신났다!!!,여주 겨울여행으로 썰매를 즐기는 사람들은 겨울 무장으로 단단히 동여매고 있어서 #여주눈썰매장 모습들은 걱정 없어 보였다 뜨끈한 어묵 국물과 떡볶이 등등... ,2021.01.20.
21,국내 겨울 여행지 추천 강원도 인제 자작나무숲 포함 6곳,"떠나는 겨울 여행은 눈과 마음이 모두 만족스럽다. 특히 산과 바다가 있는 강원도 속초는 계절 상관없이 사랑받는 국내 여행지다. 여름은 여름대로, 겨울은 겨울대로... ",2021.01.16.
22,청양 알프스마을 겨울여행 딱이야,#국내여행 #겨울여행 #언택트여행 #청양여행 #알프스마을 #청양알프스마을 #겨울왕국 #청양가볼만한곳 #군고구마 #군밤 #충남여행,2021.01.05.
23,양평 두물머리 세미원 겨울 여행 in핸드폰,지난 양평 겨울여행길 핸드폰에 무심히 담았던 사진들을 꺼내 랜선여행을 떠났어요. 눈내린 겨울 기대했던 그곳~ 코로나에 강추위에 집콕이 길어지니 지난 시간만... ,2021.01.07.
24,제주 겨울여행 스팟 모음 5 (서귀포 편),제주 겨울여행 장소 베스트 5를 소개해드릴까해요. 신나는 체험부터 화려한... 가을 정원 속에 있던 플라워정원은 겨울철에 보기 힘든 예쁜 꽃들이 피어 있던... ,2021.01.05.
25,국내 겨울 여행지 추천 아침고요수목원 6,"방문했는데도 여행코스로 찾는 걸음이 이어진다. 추위를 잊을 정도로 아름다운 겨울밤을 만날 수 있어서 가족, 연인과 함께할 수 있는 국내 겨울 여행지 추천하게... ",2020.12.10.
26,제주도 겨울여행 추천코스 제주 닭머르해안길 수록,제주도 여행명소 제주도 겨울여행 코스로 빠질수 없는 감귤체험도 가능했던 어린왕자감귤밭 카페인데 곳곳에 있는 포토존에서 사진촬영도 가능했다. 평수가... ,2021.02.05.
27,경기도 겨울여행 김포 대명항 제철 해산물 잔치,경기도 겨울여행 김포 대명항 제철 해산물 잔치 대명포구는 경기도 김포시 대곶면... 곳곳에 보이는 얼음들이 한겨울의 정취를 한껏 끌어 올린다. 김포명소인 대명항... ,2021.01.10.
28,겨울여행 떠나고 싶다! 문득 그리워진 홍천 비발디파크 스키장,되면서 겨울 스키 시즌을 즐기지 못하는 사람들이 SNS에 안타까워하는 마음을... 몇몇 여행지를 다녀오도록 해야겠어요 올해 첫 겨울여행 언제 떠날 수 있을까? 조금씩... ,2021.01.14.
29,전라남도 겨울여행 추천 강진 다산초당 백련사,언택트 겨울여행 남도답사 강진 배낭여행을 다녀왔습니다. 2021년 새해에는 코로나 없는 세상에서 모도 행복했으면 하는 소망을 가져봅니다. 자~이제 본격적인 겨울이... ,2021.01.13.
30,"1월 2월 겨울 여행지 : 부산 죽성 드림세트장, 기장 성당",있습니다 겨울에도 아름다워 1월 2월 겨울 여행지로 적합한 곳으로 겨울바다... 죽이는 겨울에 여행 떠난 이유는 파란 하늘의 힘을 알고 있었기 때문으로 계절적 요소... ,2020.12.23.
